{
  "best_model": "LightGBM",
  "r2_mean": 0.8924501523712042,
  "r2_std": 0.009104041545982546,
  "mae_mean": 57551.63859942235,
  "rmse_mean": 95323.47838974977,
  "r2_folds": [
    0.8802226192572231,
    0.9020554707560123,
    0.8950723671003772
  ],
  "all_results": {
    "XGBoost": {
      "r2_mean": 0.8912956862300271,
      "r2_std": 0.012849640996615412,
      "mae_mean": 58986.937569444446,
      "rmse_mean": 95748.5908394053,
      "r2_folds": [
        0.8731320230498161,
        0.9008580545198055,
        0.8998969811204599
      ]
    },
    "LightGBM": {
      "r2_mean": 0.8924501523712042,
      "r2_std": 0.009104041545982546,
      "mae_mean": 57551.63859942235,
      "rmse_mean": 95323.47838974977,
      "r2_folds": [
        0.8802226192572231,
        0.9020554707560123,
        0.8950723671003772
      ]
    },
    "CatBoost": {
      "r2_mean": 0.8905436909393227,
      "r2_std": 0.010559082437292241,
      "mae_mean": 58868.46137842563,
      "rmse_mean": 96136.86212096305,
      "r2_folds": [
        0.876077316707145,
        0.9009837995242409,
        0.8945699565865821
      ]
    }
  },
  "n_train_rows": 14175,
  "n_features": 41,
  "xgb_params": {
    "n_estimators": 373,
    "max_depth": 5,
    "learning_rate": 0.08012737503998542,
    "subsample": 0.569746930326021,
    "colsample_bytree": 0.5752867891211308,
    "min_child_weight": 8,
    "reg_alpha": 0.019069966103000432,
    "reg_lambda": 0.8431013932082461,
    "gamma": 0.9983689107917987,
    "random_state": 42,
    "n_jobs": -1,
    "tree_method": "hist"
  },
  "lgb_params": {
    "n_estimators": 322,
    "num_leaves": 62,
    "learning_rate": 0.04345454109729477,
    "subsample": 0.645614570099021,
    "colsample_bytree": 0.7671117368334277,
    "min_child_samples": 18,
    "reg_alpha": 0.0028888383623653178,
    "reg_lambda": 0.006789053271698486,
    "random_state": 42,
    "n_jobs": -1,
    "verbose": -1
  },
  "cat_params": {
    "iterations": 312,
    "depth": 8,
    "learning_rate": 0.1205712628744377,
    "l2_leaf_reg": 12.374511199743695,
    "bagging_temperature": 0.31203728088487304,
    "random_seed": 42,
    "verbose": 0
  }
}